Reference area,2000,2001,2002,2003,2004,2005,2006,2007,2008,2009,2010,2011,2012,2013,2014,2015,2016,2017,2018,2019,2020,2021,2022,2023
Albania,5.771,5.726,5.455,5.718,5.717,5.588,5.475,5.692,5.352,5.688,6.154,6.143,6.194,6.273,6.402,6.417,6.658,6.46,6.572,6.781,7.465,7.358,7.536,7.069
Argentina,8.22,8.27,7.332,6.927,7.095,7.734,7.709,7.862,8.241,9.569,9.485,9.51,9.885,9.921,9.798,10.274,10.054,10.272,10.315,10.123,10.739,11.061,10.476,10.337
Australia,7.574,7.661,7.859,7.864,8.07,7.951,7.957,8.034,8.221,8.515,8.393,8.506,8.634,8.709,9.788,10.097,10.06,10.093,10.082,10.262,10.743,10.561,9.957,10.362
Austria,9.389,9.452,9.591,9.698,9.815,9.718,9.641,9.605,9.834,10.312,10.316,10.137,10.302,10.406,10.512,10.517,10.517,10.571,10.516,10.625,11.413,12.185,11.191,11.176
Belgium,7.999,8.15,8.318,9.165,9.328,9.222,9.128,9.135,9.595,10.539,10.408,10.408,10.58,10.633,10.616,10.877,10.884,10.927,10.984,10.847,11.453,11.28,10.801,10.793
Bosnia and Herzegovina,7.963,7.573,7.399,8.281,9.063,8.82,8.884,9.255,9.486,9.015,9.012,9.171,9.479,9.436,9.471,9.241,9.139,8.818,8.761,8.925,9.703,9.555,8.716,8.922
Brazil,8.335,8.55,8.697,8.189,8.125,8.035,8.25,8.202,8.011,8.395,7.945,7.788,7.736,7.977,8.396,8.909,9.169,9.474,9.465,9.614,9.623,9.636,9.387,
Bulgaria,,,,7.2,6.891,6.89,6.525,6.157,6.283,6.596,7.095,7.103,7.539,7.142,7.683,7.394,7.46,7.496,7.358,7.131,8.448,8.585,7.639,7.934
Canada,8.248,8.625,8.857,9.011,9.066,9.035,9.346,9.449,9.609,10.722,10.705,10.414,10.527,10.426,10.268,10.757,11.045,10.935,10.9,11.023,12.991,12.366,11.02,11.389
Chile,7.0,7.097,7.208,7.25,6.91,6.624,6.072,6.213,6.74,7.25,6.82,6.799,7.02,7.476,7.842,8.351,8.558,9.091,9.15,9.334,9.697,9.719,10.01,10.297
China (People’s Republic of),4.441,4.186,4.312,4.347,4.218,4.127,3.895,3.626,3.825,4.265,4.122,4.241,4.495,4.658,4.711,4.865,4.88,4.956,5.056,5.27,5.544,5.253,5.878,5.944
Colombia,5.635,5.942,5.733,5.775,5.799,6.067,6.336,6.491,6.842,7.311,7.071,6.781,6.746,7.017,7.186,7.523,7.531,7.679,7.718,7.834,8.698,9.142,7.59,8.145
Costa Rica,,,,,6.63,6.664,6.935,6.996,7.469,7.86,8.029,8.112,7.782,7.679,7.662,7.592,7.315,7.045,7.286,7.221,7.825,7.611,7.184,6.866
Croatia,,,,6.297,6.507,6.841,6.905,7.39,7.637,8.034,7.95,7.43,7.454,6.373,6.567,6.656,6.692,6.628,6.714,6.787,7.684,8.083,7.298,6.963
Cyprus,,,,5.633,5.402,5.406,5.437,5.323,6.022,6.469,6.501,6.431,6.536,6.928,6.931,6.794,6.653,6.622,6.784,6.998,8.648,8.874,8.075,7.766
Czechia,5.669,5.835,6.147,6.502,6.333,6.335,6.165,5.99,6.339,7.265,7.478,7.473,7.54,7.448,7.539,7.293,7.323,7.242,7.372,7.488,8.97,9.154,8.471,8.382
Denmark,8.11,8.444,8.695,8.89,8.986,9.067,9.153,9.302,9.468,10.629,10.579,10.378,10.517,10.279,10.297,10.359,10.268,10.114,10.142,10.185,10.692,10.715,9.603,9.614
Estonia,5.164,4.784,4.702,5.137,5.336,5.294,4.973,5.184,5.957,6.844,6.594,6.055,6.038,6.198,6.263,6.521,6.569,6.466,6.563,6.648,7.472,7.477,6.964,7.439
Finland,7.095,7.252,7.63,7.94,8.06,8.289,8.286,8.084,8.344,9.162,9.142,9.239,9.617,9.845,9.831,9.7,9.456,9.191,9.103,9.223,9.7,9.91,9.742,10.502
France,9.617,9.757,10.083,10.135,10.212,10.237,10.398,10.334,10.513,11.291,11.022,10.974,11.105,11.251,11.342,11.279,11.346,11.245,11.11,10.984,11.916,12.08,11.698,11.327
Georgia,7.195,7.169,7.814,8.03,8.089,8.077,7.632,7.435,8.444,9.567,9.021,7.882,7.952,8.006,8.294,8.66,9.073,8.701,7.755,7.313,9.23,10.538,8.296,6.858
Germany,9.759,9.781,10.029,10.223,9.975,10.107,9.962,9.835,10.033,10.974,10.835,10.525,10.598,10.746,10.771,10.918,10.974,11.044,11.174,11.42,12.461,12.705,12.301,11.637
Greece,7.514,8.245,8.47,8.683,8.3,8.761,8.396,8.523,8.948,9.536,9.62,9.186,9.043,8.522,7.944,8.267,8.451,8.113,8.073,8.117,9.381,9.032,8.484,8.413
Hungary,6.77,6.82,7.118,8.13,7.766,7.992,7.786,7.207,7.093,7.237,7.464,7.493,7.43,7.236,7.042,6.85,6.968,6.733,6.555,6.247,7.231,7.335,6.667,6.402
Iceland,8.788,8.66,9.306,9.625,9.237,8.795,8.459,8.238,8.266,8.738,8.259,8.163,8.125,8.166,8.206,8.047,8.058,8.215,8.307,8.535,9.473,9.549,8.92,8.64
India,4.161,4.396,4.373,4.134,4.081,3.91,3.749,3.628,3.625,3.594,3.375,3.246,3.329,3.749,3.62,3.596,3.504,2.936,2.858,2.953,3.341,3.347,3.396,3.339
Indonesia,1.842,2.106,1.969,2.235,2.107,2.517,2.604,2.807,2.548,2.623,2.791,2.989,2.914,2.869,2.964,2.924,3.021,2.904,2.868,2.879,3.421,3.706,2.694,2.702
Ireland,5.899,6.392,6.673,7.008,7.22,7.642,7.516,7.808,9.126,10.523,10.533,10.502,10.484,10.013,9.266,7.076,7.33,6.9,6.714,6.558,6.94,6.419,5.95,6.341
Israel,6.599,7.005,6.914,6.857,6.803,6.891,6.708,6.681,6.815,6.879,6.859,6.815,6.953,6.951,7.044,7.036,7.118,7.194,7.252,7.233,7.745,7.842,7.12,7.081
Italy,7.547,7.711,7.836,7.807,8.137,8.309,8.398,8.102,8.502,8.913,8.879,8.729,8.798,8.79,8.859,8.846,8.72,8.691,8.655,8.615,9.564,9.282,8.85,8.366
Japan,6.931,7.135,7.243,7.398,7.461,7.589,7.61,7.704,8.005,8.879,8.981,10.411,10.568,10.553,10.538,10.538,10.436,10.429,10.504,10.703,11.157,11.708,11.691,10.754
Korea,3.718,4.164,3.902,4.459,4.426,4.646,4.953,4.96,5.245,5.683,5.792,5.9,5.955,6.066,6.243,6.46,6.634,6.796,7.14,7.691,8.025,8.327,8.843,8.445
Latvia,5.572,5.891,5.955,5.736,6.475,6.082,6.021,5.818,5.866,6.268,6.224,5.918,5.621,5.604,5.664,5.849,6.352,6.187,6.409,6.863,7.506,9.411,8.107,7.243
Lithuania,6.186,6.002,6.135,6.177,5.483,5.646,5.857,5.76,6.29,7.345,6.906,6.54,6.308,6.155,6.222,6.474,6.649,6.464,6.469,6.945,7.416,7.728,7.284,7.268
Luxembourg,5.925,6.381,6.76,6.961,7.28,7.125,6.638,6.158,6.231,6.95,6.662,5.952,5.294,5.236,5.23,5.081,5.071,5.135,5.274,5.466,5.767,5.608,5.609,5.59
Malta,,,,,,,,,,,,,,,,,8.699,8.314,8.113,8.893,9.857,9.525,9.235,8.681
Mexico,4.244,4.582,4.83,4.741,4.904,4.843,4.793,4.909,5.004,5.32,5.38,5.239,5.4,5.558,5.324,5.434,5.316,5.186,5.111,5.171,5.957,5.789,5.715,5.701
Moldova,5.927,6.235,7.404,7.022,8.971,9.558,10.544,11.021,10.949,13.677,10.131,9.097,9.14,8.683,8.732,8.5,7.621,7.128,6.708,6.497,7.005,7.749,6.965,6.736
Montenegro,,,,,,,,,,,,8.033,8.326,8.554,8.026,9.122,8.671,8.07,8.456,8.419,11.535,10.621,10.156,9.512
Netherlands,7.704,8.042,8.619,9.02,9.072,9.06,9.036,9.001,9.218,9.908,10.095,10.145,10.455,10.502,10.457,10.189,10.125,9.937,9.851,9.936,10.95,11.159,10.076,10.037
New Zealand,7.47,7.579,7.9,7.722,7.901,8.273,8.638,8.329,8.651,9.136,9.095,9.109,9.205,8.943,8.976,8.893,8.774,8.626,8.58,8.616,9.24,9.56,10.559,10.083
North Macedonia,8.87,8.382,8.978,9.009,8.465,7.679,7.383,6.571,6.553,6.528,6.714,6.519,6.615,6.719,6.29,6.342,6.379,6.439,6.457,7.067,7.732,8.419,7.422,7.384
Norway,7.74,8.04,9.008,9.201,8.783,8.261,7.818,7.915,7.795,8.857,8.675,8.539,8.517,8.642,9.029,9.756,10.192,9.887,9.636,10.057,10.987,9.471,7.639,8.932
Peru,,,4.939,4.587,4.43,4.666,4.41,4.426,4.546,4.947,4.704,4.541,4.736,4.712,4.9,4.865,4.83,4.745,5.034,5.051,6.241,6.567,6.001,5.538
Poland,5.265,5.64,6.048,5.934,5.842,5.791,5.781,5.864,6.352,6.57,6.435,6.245,6.229,6.45,6.283,6.365,6.526,6.537,6.251,6.389,6.427,6.45,6.641,7.138
Portugal,8.62,8.655,8.807,9.148,9.559,9.679,9.384,9.28,9.617,10.167,10.071,9.776,9.713,9.467,9.417,9.417,9.474,9.412,9.503,9.61,10.641,11.222,10.563,9.949
Romania,,,,5.371,5.477,5.528,5.071,5.023,5.023,5.278,5.639,4.475,4.509,5.224,5.028,4.943,5.08,5.189,5.553,5.736,6.245,6.487,5.819,5.759
Serbia,5.808,6.192,7.25,7.306,7.636,8.093,8.286,9.018,9.128,8.989,9.152,8.759,8.957,8.932,8.86,8.463,8.152,7.9,8.185,8.288,8.306,9.234,8.582,8.031
Slovak Republic,5.307,5.341,5.518,5.484,6.495,6.616,6.852,7.175,6.96,7.953,7.671,7.315,7.528,7.48,6.865,6.741,6.942,6.734,6.637,6.911,7.06,7.632,7.709,7.37
Slovenia,7.855,7.955,8.116,8.174,8.0,8.053,7.867,7.541,7.893,8.642,8.639,8.601,8.793,8.84,8.585,8.597,8.569,8.259,8.352,8.566,9.49,9.525,9.631,9.286
South Africa,7.337,7.123,6.678,7.041,6.938,6.862,6.877,6.905,7.148,7.649,7.794,7.944,8.004,8.103,7.871,8.053,8.08,7.977,8.082,8.247,9.022,8.683,8.731,8.892
Spain,6.802,6.769,6.799,7.592,7.684,7.778,7.871,7.962,8.429,9.153,9.17,9.217,9.219,9.137,9.151,9.176,9.013,9.022,9.071,9.215,10.795,10.344,9.664,9.224
Sweden,7.325,7.893,8.186,8.317,8.143,8.16,8.042,7.988,8.226,8.777,8.324,10.502,10.834,10.987,11.072,10.933,10.98,10.964,11.122,10.959,11.442,11.325,10.946,11.243
Switzerland,9.034,9.344,9.734,10.013,10.098,9.911,9.436,9.261,9.408,9.972,9.808,9.946,10.165,10.41,10.464,10.792,11.031,11.19,10.93,11.162,11.766,11.597,11.194,11.196
Thailand,3.101,3.026,3.335,3.243,3.139,3.16,3.1,3.193,3.459,3.619,3.39,3.568,3.523,3.453,3.684,3.852,3.939,3.853,3.869,3.791,4.359,5.155,5.354,4.349
Türkiye,4.592,4.877,5.051,5.002,4.894,4.875,5.122,5.208,5.184,5.456,4.985,4.623,4.42,4.351,4.31,4.111,4.279,4.156,4.072,4.276,4.533,4.452,3.627,4.189
Ukraine,5.3,5.515,5.772,6.305,5.942,6.113,6.181,5.796,5.295,6.367,6.814,6.817,7.118,6.944,7.195,7.784,7.552,7.446,7.521,7.094,7.562,8.203,,
United Kingdom,7.195,7.505,7.951,8.121,8.399,8.453,8.599,8.817,9.052,9.829,9.835,9.802,9.976,9.931,9.91,9.896,9.837,9.677,9.726,9.902,12.044,11.969,10.938,10.792
United States,12.482,13.159,13.991,14.502,14.547,14.577,14.699,14.909,15.198,16.192,16.191,16.139,16.126,15.971,16.188,16.465,16.778,16.729,16.677,16.745,18.734,17.53,16.744,16.87
